,track_id,Producers
12,4LRPiXqCikLlN15c3yImP7,Kid Harpoon
12,4LRPiXqCikLlN15c3yImP7, Tyler Johnson
13,4Dvkj6JhhA12EX05fT7y2e,Kid Harpoon
13,4Dvkj6JhhA12EX05fT7y2e, Tyler Johnson
15,2AxENVeUe1zFwr5a1vj8F1,Bell
15,2AxENVeUe1zFwr5a1vj8F1, Harris
19,0amo9u2fGTSJFHQGjDKb6z,Bell
19,0amo9u2fGTSJFHQGjDKb6z, Harris
20,12O5JlmJ8vZsFoQhBw6cfk,Bell
20,12O5JlmJ8vZsFoQhBw6cfk, Harris
21,5I5YkM0OsFedRe314l229f,Bell
21,5I5YkM0OsFedRe314l229f, Harris
22,4zovIQU1XCDU4Xwt0PAhMJ,Bell
22,4zovIQU1XCDU4Xwt0PAhMJ, Harris
23,34d4lBUedrcebxveL1CvkS,Bell
23,34d4lBUedrcebxveL1CvkS, Harris
24,2DVKX1UUZcAFOiQsq5YG8v,Bell
24,2DVKX1UUZcAFOiQsq5YG8v, Harris
25,3C2GgztpWnGADCkc2f8PJ2,Bell
25,3C2GgztpWnGADCkc2f8PJ2, Harris
26,50sxoCH5s4BQPYBeBhA7rh,Bell
26,50sxoCH5s4BQPYBeBhA7rh, Harris
27,7asQklKAKf1mmEFec8geNF,Bell
27,7asQklKAKf1mmEFec8geNF, Harris
28,0tduttxnG0AFq7TrH80zAk,Bell
28,0tduttxnG0AFq7TrH80zAk, Harris
29,5OFTuBHzqfPF55CQ4G2Vvx,Bell
29,5OFTuBHzqfPF55CQ4G2Vvx, Harris
30,2r2nxXTPNZwAir9MItyZIr,Bell
30,2r2nxXTPNZwAir9MItyZIr, Harris
31,2ezTQhR1uij1Eh3rPepJoB,Bell
31,2ezTQhR1uij1Eh3rPepJoB, Harris
32,3Dv0ia9gUwSmKb8CLiy73V,Bell
32,3Dv0ia9gUwSmKb8CLiy73V, Harris
33,1rx9ddlGiPXKA3iqVm92qc,Bell
33,1rx9ddlGiPXKA3iqVm92qc, Harris
34,70kOXsEmXo2DzJ8XxPp0QR,Bell
34,70kOXsEmXo2DzJ8XxPp0QR, Harris
35,5lqlCguDpW8cKWLHks0x6l,Bell
35,5lqlCguDpW8cKWLHks0x6l, Harris
36,1Opglli1f6hQT1sZGdEazb,Bell
36,1Opglli1f6hQT1sZGdEazb, Harris
37,5Q3d3xXM8lQZZ6gISAUWTQ,Bell
37,5Q3d3xXM8lQZZ6gISAUWTQ, Harris
38,7pAY9DTqIafqxPh6SZb0YK,Bell
38,7pAY9DTqIafqxPh6SZb0YK, Harris
39,6wORIAYOsVh9mBGtz3pTcv,Bell
39,6wORIAYOsVh9mBGtz3pTcv, Harris
40,0OwzwsR9SyRp1LxEDUR1SZ,Bell
40,0OwzwsR9SyRp1LxEDUR1SZ, Harris
41,12UP3UuoDTbq2Zg5KQD7TK,Bell
41,12UP3UuoDTbq2Zg5KQD7TK, Harris
42,1KWYxu0S9i174r8sYZOBud,Bell
42,1KWYxu0S9i174r8sYZOBud, Harris
43,4dAK4azHBzIhq0uL8jYwGM,Bell
43,4dAK4azHBzIhq0uL8jYwGM, Harris
44,1jQd9iNPRD6DprbuK6LPRw,Bell
44,1jQd9iNPRD6DprbuK6LPRw, Harris
45,2BlYNcRYw45JlqCjyrdK3c,Bell
45,2BlYNcRYw45JlqCjyrdK3c, Harris
46,7GJYXfRXLmrR5s3kylY73K,Bell
46,7GJYXfRXLmrR5s3kylY73K, Harris
47,4q6PDil0fuzXdB0EhZrwZx,Bell
47,4q6PDil0fuzXdB0EhZrwZx, Harris
48,6xkIFpyuxJ9jVbQ6P56QSl,Bell
48,6xkIFpyuxJ9jVbQ6P56QSl, Harris
49,4FctSmAqTrAXpeBSQbHvNx,Bell
49,4FctSmAqTrAXpeBSQbHvNx, Harris
50,1NiBew3B3WkowiXJUMlPPZ,Bell
50,1NiBew3B3WkowiXJUMlPPZ, Harris
51,7xjxoueUA9R8WeuItLAw6n,Bell
51,7xjxoueUA9R8WeuItLAw6n, Harris
52,2mJttm2bygSGT1y55C9ASj,Bell
52,2mJttm2bygSGT1y55C9ASj, Harris
53,6W3FyJswXjodQWy0sMUxbS,Bell
53,6W3FyJswXjodQWy0sMUxbS, Harris
54,59f6pH6jFJIm8YpkS8843F,Bell
54,59f6pH6jFJIm8YpkS8843F, Harris
55,3hQiZG7IqaY3MAYf6HiSoW,Bell
55,3hQiZG7IqaY3MAYf6HiSoW, Harris
56,48pPhNXIsoRdvuUVioj5X2,Bell
56,48pPhNXIsoRdvuUVioj5X2, Harris
57,5oCid2f0xN3rNiwcOb0Ay3,Bell
57,5oCid2f0xN3rNiwcOb0Ay3, Harris
58,43yenGqgdKr1F9zzL4vkyO,Bell
58,43yenGqgdKr1F9zzL4vkyO, Harris
59,67xDYdzMUg5F7pHqcNx7vh,Bell
59,67xDYdzMUg5F7pHqcNx7vh, Harris
60,4R1ErqGv5SbSVxItEexzyG,Bell
60,4R1ErqGv5SbSVxItEexzyG, Harris
61,4vCnASYdQpBW1EvUhN2TH7,Bell
61,4vCnASYdQpBW1EvUhN2TH7, Harris
62,6MRPhOWYKQhzB0YQtD6EPb,Bell
62,6MRPhOWYKQhzB0YQtD6EPb, Harris
63,4kuL4bMqxOkVEY437O72oW,Bell
63,4kuL4bMqxOkVEY437O72oW, Harris
64,5uU1uuyaUIBOiiUSQG7Wl3,Joey Moi
65,4h9wh7iOZ0GGn8QVp4RAOB,Tedder
65,4h9wh7iOZ0GGn8QVp4RAOB, Kutzle
65,4h9wh7iOZ0GGn8QVp4RAOB, Simon Oscroft
65,4h9wh7iOZ0GGn8QVp4RAOB, Spry
65,4h9wh7iOZ0GGn8QVp4RAOB, John Nathaniel
66,3ro6Oub0I05PiAxcZFKaTY,Tedder
66,3ro6Oub0I05PiAxcZFKaTY, Kutzle
66,3ro6Oub0I05PiAxcZFKaTY, Simon Oscroft
66,3ro6Oub0I05PiAxcZFKaTY, Spry
66,3ro6Oub0I05PiAxcZFKaTY, John Nathaniel
67,6v2ngdpwmKNqoojSbkmYQ6,Tedder
67,6v2ngdpwmKNqoojSbkmYQ6, Kutzle
67,6v2ngdpwmKNqoojSbkmYQ6, Simon Oscroft
67,6v2ngdpwmKNqoojSbkmYQ6, Spry
67,6v2ngdpwmKNqoojSbkmYQ6, John Nathaniel
68,73PAbYaVbnFG0tQ4aBfxeN,Tedder
68,73PAbYaVbnFG0tQ4aBfxeN, Kutzle
68,73PAbYaVbnFG0tQ4aBfxeN, Simon Oscroft
68,73PAbYaVbnFG0tQ4aBfxeN, Spry
68,73PAbYaVbnFG0tQ4aBfxeN, John Nathaniel
70,1rst6xvbC4CdpqQ9r8PI9c,Tedder
70,1rst6xvbC4CdpqQ9r8PI9c, Kutzle
70,1rst6xvbC4CdpqQ9r8PI9c, Simon Oscroft
70,1rst6xvbC4CdpqQ9r8PI9c, Spry
70,1rst6xvbC4CdpqQ9r8PI9c, John Nathaniel
71,5BHJqy1mItdMEJm71uuAWT,Tedder
71,5BHJqy1mItdMEJm71uuAWT, Kutzle
71,5BHJqy1mItdMEJm71uuAWT, Simon Oscroft
71,5BHJqy1mItdMEJm71uuAWT, Spry
71,5BHJqy1mItdMEJm71uuAWT, John Nathaniel
72,5c4wn5LJKG2vUb9l3LvV5c,Tedder
72,5c4wn5LJKG2vUb9l3LvV5c, Kutzle
72,5c4wn5LJKG2vUb9l3LvV5c, Simon Oscroft
72,5c4wn5LJKG2vUb9l3LvV5c, Spry
72,5c4wn5LJKG2vUb9l3LvV5c, John Nathaniel
73,5A089ApRl5nk7oDhr6ZuN4,Tedder
73,5A089ApRl5nk7oDhr6ZuN4, Kutzle
73,5A089ApRl5nk7oDhr6ZuN4, Simon Oscroft
73,5A089ApRl5nk7oDhr6ZuN4, Spry
73,5A089ApRl5nk7oDhr6ZuN4, John Nathaniel
74,1oNQ1Udv3AM06vhkRbti8I,Tedder
74,1oNQ1Udv3AM06vhkRbti8I, Kutzle
74,1oNQ1Udv3AM06vhkRbti8I, Simon Oscroft
74,1oNQ1Udv3AM06vhkRbti8I, Spry
74,1oNQ1Udv3AM06vhkRbti8I, John Nathaniel
75,3zJwsBrtkDmKfCY317E94W,Tedder
75,3zJwsBrtkDmKfCY317E94W, Kutzle
75,3zJwsBrtkDmKfCY317E94W, Simon Oscroft
75,3zJwsBrtkDmKfCY317E94W, Spry
75,3zJwsBrtkDmKfCY317E94W, John Nathaniel
76,1av5EE7BaOTElpfCEe3iT0,Tedder
76,1av5EE7BaOTElpfCEe3iT0, Kutzle
76,1av5EE7BaOTElpfCEe3iT0, Simon Oscroft
76,1av5EE7BaOTElpfCEe3iT0, Spry
76,1av5EE7BaOTElpfCEe3iT0, John Nathaniel
77,6HRrHDtUJYeH1XgJbjyazG,Tedder
77,6HRrHDtUJYeH1XgJbjyazG, Kutzle
77,6HRrHDtUJYeH1XgJbjyazG, Simon Oscroft
77,6HRrHDtUJYeH1XgJbjyazG, Spry
77,6HRrHDtUJYeH1XgJbjyazG, John Nathaniel
78,4esQgV3K23FduohN0hGrlJ,Tedder
78,4esQgV3K23FduohN0hGrlJ, Kutzle
78,4esQgV3K23FduohN0hGrlJ, Simon Oscroft
78,4esQgV3K23FduohN0hGrlJ, Spry
78,4esQgV3K23FduohN0hGrlJ, John Nathaniel
79,0nLBl0urx1JAmKAYf2Qlx0,Tedder
79,0nLBl0urx1JAmKAYf2Qlx0, Kutzle
79,0nLBl0urx1JAmKAYf2Qlx0, Simon Oscroft
79,0nLBl0urx1JAmKAYf2Qlx0, Spry
79,0nLBl0urx1JAmKAYf2Qlx0, John Nathaniel
80,0M4mFkVcrOEv1FaQ4u9iM4,Tedder
80,0M4mFkVcrOEv1FaQ4u9iM4, Kutzle
80,0M4mFkVcrOEv1FaQ4u9iM4, Simon Oscroft
80,0M4mFkVcrOEv1FaQ4u9iM4, Spry
80,0M4mFkVcrOEv1FaQ4u9iM4, John Nathaniel
81,6MGUs1co59LBWi6yqvJNyx,Tedder
81,6MGUs1co59LBWi6yqvJNyx, Kutzle
81,6MGUs1co59LBWi6yqvJNyx, Simon Oscroft
81,6MGUs1co59LBWi6yqvJNyx, Spry
81,6MGUs1co59LBWi6yqvJNyx, John Nathaniel
82,7EKylE34yNJV97yIYgwwTl,Tedder
82,7EKylE34yNJV97yIYgwwTl, Kutzle
82,7EKylE34yNJV97yIYgwwTl, Simon Oscroft
82,7EKylE34yNJV97yIYgwwTl, Spry
82,7EKylE34yNJV97yIYgwwTl, John Nathaniel
83,6NIZWIazNnZiV5DRotMnjN,Tedder
83,6NIZWIazNnZiV5DRotMnjN, Kutzle
83,6NIZWIazNnZiV5DRotMnjN, Simon Oscroft
83,6NIZWIazNnZiV5DRotMnjN, Spry
83,6NIZWIazNnZiV5DRotMnjN, John Nathaniel
84,7qvuhftEb2X9rmcDSO6JZR,Tedder
84,7qvuhftEb2X9rmcDSO6JZR, Kutzle
84,7qvuhftEb2X9rmcDSO6JZR, Simon Oscroft
84,7qvuhftEb2X9rmcDSO6JZR, Spry
84,7qvuhftEb2X9rmcDSO6JZR, John Nathaniel
85,1iSyH8ek7Eqc8UWOReZaqg,Tedder
85,1iSyH8ek7Eqc8UWOReZaqg, Kutzle
85,1iSyH8ek7Eqc8UWOReZaqg, Simon Oscroft
85,1iSyH8ek7Eqc8UWOReZaqg, Spry
85,1iSyH8ek7Eqc8UWOReZaqg, John Nathaniel
86,2IwFTIyj6wi0U5PjVGqa8Y,Tedder
86,2IwFTIyj6wi0U5PjVGqa8Y, Kutzle
86,2IwFTIyj6wi0U5PjVGqa8Y, Simon Oscroft
86,2IwFTIyj6wi0U5PjVGqa8Y, Spry
86,2IwFTIyj6wi0U5PjVGqa8Y, John Nathaniel
87,3ttCFW0bKHuWLeOlDFw2eg,Tedder
87,3ttCFW0bKHuWLeOlDFw2eg, Kutzle
87,3ttCFW0bKHuWLeOlDFw2eg, Simon Oscroft
87,3ttCFW0bKHuWLeOlDFw2eg, Spry
87,3ttCFW0bKHuWLeOlDFw2eg, John Nathaniel
88,0BaRhrm1ejnstdFZhhBOdL,Tedder
88,0BaRhrm1ejnstdFZhhBOdL, Kutzle
88,0BaRhrm1ejnstdFZhhBOdL, Simon Oscroft
88,0BaRhrm1ejnstdFZhhBOdL, Spry
88,0BaRhrm1ejnstdFZhhBOdL, John Nathaniel
89,4LUwZxtF980YhwrvxtTeZ7,Tedder
89,4LUwZxtF980YhwrvxtTeZ7, Kutzle
89,4LUwZxtF980YhwrvxtTeZ7, Simon Oscroft
89,4LUwZxtF980YhwrvxtTeZ7, Spry
89,4LUwZxtF980YhwrvxtTeZ7, John Nathaniel
90,0A0NauQBRPdVmB4WggtJzX,Tedder
90,0A0NauQBRPdVmB4WggtJzX, Kutzle
90,0A0NauQBRPdVmB4WggtJzX, Simon Oscroft
90,0A0NauQBRPdVmB4WggtJzX, Spry
90,0A0NauQBRPdVmB4WggtJzX, John Nathaniel
91,7bJgXBH1ON1zYGsjsNkcSR,Tedder
91,7bJgXBH1ON1zYGsjsNkcSR, Kutzle
91,7bJgXBH1ON1zYGsjsNkcSR, Simon Oscroft
91,7bJgXBH1ON1zYGsjsNkcSR, Spry
91,7bJgXBH1ON1zYGsjsNkcSR, John Nathaniel
92,36Rjd7QsJou4aQmSGMW9cO,Tedder
92,36Rjd7QsJou4aQmSGMW9cO, Kutzle
92,36Rjd7QsJou4aQmSGMW9cO, Simon Oscroft
92,36Rjd7QsJou4aQmSGMW9cO, Spry
92,36Rjd7QsJou4aQmSGMW9cO, John Nathaniel
139,1PckUlxKqWQs3RlWXVBLw3,Blake Slatkin
139,1PckUlxKqWQs3RlWXVBLw3, Ricky Reed
140,6HMtHNpW6YPi1hrw9tgF8P,Blake Slatkin
140,6HMtHNpW6YPi1hrw9tgF8P, Ricky Reed
142,5UESJFvZ4vLvYx5QmsFf2j,Blake Slatkin
142,5UESJFvZ4vLvYx5QmsFf2j, Ricky Reed
143,3jaiWabWmZC02jT2HWtmaK,Blake Slatkin
143,3jaiWabWmZC02jT2HWtmaK, Ricky Reed
144,43brQXHf3umpF5I7FZRuig,Blake Slatkin
144,43brQXHf3umpF5I7FZRuig, Ricky Reed
145,6Pg9qh5K2Gi7zeoSUUy1F5,Blake Slatkin
145,6Pg9qh5K2Gi7zeoSUUy1F5, Ricky Reed
146,40VbpOuUnibClBnFI4uOWb,Blake Slatkin
146,40VbpOuUnibClBnFI4uOWb, Ricky Reed
147,0SiKS7N1vUscdccVcPCIHD,Blake Slatkin
147,0SiKS7N1vUscdccVcPCIHD, Ricky Reed
148,5jvkznKV5ubsgq0IpiVr94,Blake Slatkin
148,5jvkznKV5ubsgq0IpiVr94, Ricky Reed
149,3GK0GVhbHnfgnaheC9N3XD,Blake Slatkin
149,3GK0GVhbHnfgnaheC9N3XD, Ricky Reed
150,6irCLylDy2lfsKAKlHAz8F,Blake Slatkin
150,6irCLylDy2lfsKAKlHAz8F, Ricky Reed
151,02hbx1ujULeFGMa2t9ZYEm,Blake Slatkin
151,02hbx1ujULeFGMa2t9ZYEm, Ricky Reed
152,7u2UKrIjIYCd0EzNfwB8am,Blake Slatkin
152,7u2UKrIjIYCd0EzNfwB8am, Ricky Reed
153,5ogf1SFqPmifcA2ieOwld3,Blake Slatkin
153,5ogf1SFqPmifcA2ieOwld3, Ricky Reed
154,6f0P8yuz9u1n9xFSOQRN0a,Blake Slatkin
154,6f0P8yuz9u1n9xFSOQRN0a, Ricky Reed
155,70OPx0RMEsL8fDsIfkdquv,Blake Slatkin
155,70OPx0RMEsL8fDsIfkdquv, Ricky Reed
156,1qf41S37EfGTPjyx5wjesG,Blake Slatkin
156,1qf41S37EfGTPjyx5wjesG, Ricky Reed
157,4aesqF6XcdFMXEFr1S6HJE,Blake Slatkin
157,4aesqF6XcdFMXEFr1S6HJE, Ricky Reed
158,6TNotbswY14X5euD4KojgL,Blake Slatkin
158,6TNotbswY14X5euD4KojgL, Ricky Reed
159,5Re7Mp8Bh2ldBx61DSxU0M,Blake Slatkin
159,5Re7Mp8Bh2ldBx61DSxU0M, Ricky Reed
160,0XOq0rVUe45kFf4dRQ7Mfg,Blake Slatkin
160,0XOq0rVUe45kFf4dRQ7Mfg, Ricky Reed
161,4XlUGRHf7G3eaCP1F2A8BX,Blake Slatkin
161,4XlUGRHf7G3eaCP1F2A8BX, Ricky Reed
162,2W4HNWdpmrg64swTIK6TLI,Blake Slatkin
162,2W4HNWdpmrg64swTIK6TLI, Ricky Reed
163,2W1zOcEgg4RllJOarL3OKu,Blake Slatkin
163,2W1zOcEgg4RllJOarL3OKu, Ricky Reed
164,5fkkbaOwtrkgdDDpobh1Hu,Blake Slatkin
164,5fkkbaOwtrkgdDDpobh1Hu, Ricky Reed
165,34T4ClaweeHC5xEc7YK0nT,Blake Slatkin
165,34T4ClaweeHC5xEc7YK0nT, Ricky Reed
169,4a3D8glGZxhlJfOs1Czc3c,Blake Slatkin
169,4a3D8glGZxhlJfOs1Czc3c, Ricky Reed
170,6BVZIpQqTuCuuwjvQaiYc7,Blake Slatkin
170,6BVZIpQqTuCuuwjvQaiYc7, Ricky Reed
172,6L1RngjYqnx9BovQoL7uTY,Blake Slatkin
172,6L1RngjYqnx9BovQoL7uTY, Ricky Reed
173,4zsvT45Yh88Jdj3fIf8cNC,Blake Slatkin
173,4zsvT45Yh88Jdj3fIf8cNC, Ricky Reed
174,3slI6nMHZi09szEgnJm5Cf,Blake Slatkin
174,3slI6nMHZi09szEgnJm5Cf, Ricky Reed
175,1niTwCKFMEGNmF0if5f0Z6,Blake Slatkin
175,1niTwCKFMEGNmF0if5f0Z6, Ricky Reed
176,7FUIyXYVvjpMvZVmdRhFlQ,Blake Slatkin
176,7FUIyXYVvjpMvZVmdRhFlQ, Ricky Reed
177,53109mbQYWyJY9iNeFenaw,Blake Slatkin
177,53109mbQYWyJY9iNeFenaw, Ricky Reed
178,6arPRyyHZnzXbw3qdCdy2n,Blake Slatkin
178,6arPRyyHZnzXbw3qdCdy2n, Ricky Reed
180,3K4iUNBBC7T3LX3eBd1PIh,Blake Slatkin
180,3K4iUNBBC7T3LX3eBd1PIh, Ricky Reed
181,0oiZgFhPKx77ov7Xvg0WTl,Blake Slatkin
181,0oiZgFhPKx77ov7Xvg0WTl, Ricky Reed
182,0vJBknFKcNqhzqqJSsJMVu,Blake Slatkin
182,0vJBknFKcNqhzqqJSsJMVu, Ricky Reed
183,4tLH3J8E078tCHK77AcsHk,Blake Slatkin
183,4tLH3J8E078tCHK77AcsHk, Ricky Reed
184,3JXpi7kaJPj2piDtyiaT1T,Blake Slatkin
184,3JXpi7kaJPj2piDtyiaT1T, Ricky Reed
185,48oxLbbl02IKYWYMy3ZJMB,Blake Slatkin
185,48oxLbbl02IKYWYMy3ZJMB, Ricky Reed
186,3pnKFf7dcny1pSFfPLQJaL,Blake Slatkin
186,3pnKFf7dcny1pSFfPLQJaL, Ricky Reed
187,1dyASMdaLZCkCpgEmZjwxp,Blake Slatkin
187,1dyASMdaLZCkCpgEmZjwxp, Ricky Reed
188,5xBgTb41fF3Pa7KLPK9R1G,Blake Slatkin
188,5xBgTb41fF3Pa7KLPK9R1G, Ricky Reed
254,1IHWl5LamUGEuP4ozKQSXZ,MAG
254,1IHWl5LamUGEuP4ozKQSXZ, La Paciencia
255,0jEZjJOnL3dcQq2t24JfL1,MAG
255,0jEZjJOnL3dcQq2t24JfL1, La Paciencia
256,6Sq7ltF9Qa7SNFBsV5Cogx,MAG
256,6Sq7ltF9Qa7SNFBsV5Cogx, Subelo NEO
256,6Sq7ltF9Qa7SNFBsV5Cogx, La Paciencia
256,6Sq7ltF9Qa7SNFBsV5Cogx, Lennex
257,2uxfDN6POs0j6izrhZUFEb,MAG
257,2uxfDN6POs0j6izrhZUFEb, Subelo NEO
257,2uxfDN6POs0j6izrhZUFEb, La Paciencia
257,2uxfDN6POs0j6izrhZUFEb, Lennex
258,1qEmFfgcLObUfQm0j1W2CK,Kid Harpoon
258,1qEmFfgcLObUfQm0j1W2CK, Tyler Johnson
297,3USxtqRwSYz57Ewm6wWRMp,Dave Bayley
298,02MWAaffLxlfxAUY7c5dvx,Dave Bayley
299,6CDzDgIUqeDY5g8ujExx2f,Dave Bayley
302,3CJZhC38mzhcJKli018fil,Dave Bayley
303,6mnuDGSAq3FYQrn8KxNPsn,Dave Bayley
304,4khsgdHnKFtl2t34g0ckDS,Dave Bayley
305,5jvwBfP3afteHaLNrPrUCN,Dave Bayley
306,07QeznlGauyNSmomgZxb49,Dave Bayley
307,4mUiW3rsg9kicTIYwjwSsG,Dave Bayley
308,3aHgHY9x68XJ7PWdVgsrS0,Dave Bayley
309,3prMqfGezqX8EFeReMPUIb,Dave Bayley
310,6pWGHtczyTWCbbSp1lba5D,Dave Bayley
311,2KSKJUXSyidfa5iBxrYbvq,Dave Bayley
320,7rZDh00Yae9leGR1AAYoKO,Dave Bayley
321,1sC2aPRap0IAPocPJR1Wbr,Dave Bayley
322,2LtlrFEoMArfaWLxUgyPJd,Dave Bayley
323,3LAQ6sWmcabfAOaCVlAznL,Dave Bayley
327,0BHStoRqbogddXgezqumz3,Dave Bayley
330,0r0wPmusBDrmygvfhp5zUg,Dave Bayley
331,1h2AvjqgWC6hakpbGJUb7Z,Dave Bayley
334,3bMoNfaZFxlr8CQO4X05di,Dave Bayley
342,1Oi2HvTIVYhABJXak90Dll,Dave Bayley
345,4etoqVvXXNpnOMzwKCgsFn,Dave Bayley
349,2RFJknoCDhN60Ogat4SnKN,Vinylz
349,2RFJknoCDhN60Ogat4SnKN, Tay Keith
349,2RFJknoCDhN60Ogat4SnKN, Cubeatz
362,6AqwH2Y9FJwhUE2dCSkw1u,Tyler Hubbard
362,6AqwH2Y9FJwhUE2dCSkw1u, Jordan Schmidt
363,0gCBXye6loZmGsf3qZxxnA,Tyler Hubbard
363,0gCBXye6loZmGsf3qZxxnA, Jordan Schmidt
364,5ioQkSZRKn4U1XDge1nUEt,Tyler Hubbard
364,5ioQkSZRKn4U1XDge1nUEt, Jordan Schmidt
365,6XguZv4EFcOot3GTXOTdKO,Tyler Hubbard
365,6XguZv4EFcOot3GTXOTdKO, Jordan Schmidt
366,1DcezssXqK3EzTfIBDCmhk,Tyler Hubbard
366,1DcezssXqK3EzTfIBDCmhk, Jordan Schmidt
367,5VElhoAa99B3gr03fmcIS1,Tyler Hubbard
367,5VElhoAa99B3gr03fmcIS1, Jordan Schmidt
368,4rMLQycynM5w0fmZregNe7,Tyler Hubbard
368,4rMLQycynM5w0fmZregNe7, Jordan Schmidt
627,1xK59OXxi2TAAAbmZK0kBL,Dan Darmawan
628,41MhSFb0cHx6TB1hPbIm8i,Dan Darmawan
629,1hqrHRkckPI35dwbYGQE7Z,Dan Darmawan
632,0T5iIrXA4p5GsubkhuBIKV,Ian Fitchuk
632,0T5iIrXA4p5GsubkhuBIKV, Konrad Snyder
633,6VhuP99TE6gYNQRJIlAWFD,Ian Fitchuk
633,6VhuP99TE6gYNQRJIlAWFD, Konrad Snyder
636,3mGOFdR0ZYmmUuyBaY3wVi,Ian Fitchuk
636,3mGOFdR0ZYmmUuyBaY3wVi, Konrad Snyder
637,2oXn3MJihO2BtAIrLogXjT,Ian Fitchuk
637,2oXn3MJihO2BtAIrLogXjT, Konrad Snyder
639,2PWIdXtLdUwtLN9tn3gzCI,Ian Fitchuk
639,2PWIdXtLdUwtLN9tn3gzCI, Konrad Snyder
641,6pqkYM1Xpu8n832Pbkfp0Y,Ian Fitchuk
641,6pqkYM1Xpu8n832Pbkfp0Y, Konrad Snyder
643,6tByUGP50Mth7TsZni9g0t,Ian Fitchuk
643,6tByUGP50Mth7TsZni9g0t, Konrad Snyder
644,3DO6vRNejSTUWh5WnUfrKi,Ian Fitchuk
644,3DO6vRNejSTUWh5WnUfrKi, Konrad Snyder
645,2V0PyKvYFwleV58V444RgO,Ian Fitchuk
645,2V0PyKvYFwleV58V444RgO, Konrad Snyder
646,2FtuQHbEisatZTZp5YyjDJ,Ian Fitchuk
646,2FtuQHbEisatZTZp5YyjDJ, Konrad Snyder
647,7si0aI6z2K4IirWaHXu0pI,Ian Fitchuk
647,7si0aI6z2K4IirWaHXu0pI, Konrad Snyder
648,1uwAFMGW0ViBVOF7NEtRYd,Ian Fitchuk
648,1uwAFMGW0ViBVOF7NEtRYd, Konrad Snyder
649,31vZSAPcSVyMUQYWpNAbg3,Ian Fitchuk
649,31vZSAPcSVyMUQYWpNAbg3, Konrad Snyder
650,5Zz2gGCzLTdfpE1w6P3fad,Ian Fitchuk
650,5Zz2gGCzLTdfpE1w6P3fad, Konrad Snyder
651,6gGF3NHP5tjq9RATJ8jvdx,Ian Fitchuk
651,6gGF3NHP5tjq9RATJ8jvdx, Konrad Snyder
652,4sfvGNi7Of8bAPlxeKTlUc,Ian Fitchuk
652,4sfvGNi7Of8bAPlxeKTlUc, Konrad Snyder
653,5hDeOKeq1jf7SNbnj1RHu8,Ian Fitchuk
653,5hDeOKeq1jf7SNbnj1RHu8, Konrad Snyder
654,7ixzrChjJYCTfyI8lkvwnU,Ian Fitchuk
654,7ixzrChjJYCTfyI8lkvwnU, Konrad Snyder
655,4j6Jrsd7manTfhRhCusx7P,Ian Fitchuk
655,4j6Jrsd7manTfhRhCusx7P, Konrad Snyder
656,7hR7PgL0n97g7F2IwLDtZg,Ian Fitchuk
656,7hR7PgL0n97g7F2IwLDtZg, Konrad Snyder
657,4xbZT0KIGHdVBrbPnijZ4C,Ian Fitchuk
657,4xbZT0KIGHdVBrbPnijZ4C, Konrad Snyder
658,7aEIlTy5b9bky7R2tXvy5K,Ian Fitchuk
658,7aEIlTy5b9bky7R2tXvy5K, Konrad Snyder
659,0yJo0Hd7xlvtBN7TB0dgkB,Ian Fitchuk
659,0yJo0Hd7xlvtBN7TB0dgkB, Konrad Snyder
660,3VRlGyeXweBOH6WOyJr6KW,Ian Fitchuk
660,3VRlGyeXweBOH6WOyJr6KW, Konrad Snyder
661,517xtQ3WnpKSANW5Tj2UCr,Ian Fitchuk
661,517xtQ3WnpKSANW5Tj2UCr, Konrad Snyder
662,6Tjbey5hvmGBf3rJvzi9dZ,Ian Fitchuk
662,6Tjbey5hvmGBf3rJvzi9dZ, Konrad Snyder
663,4wuX0BAMjDA6C4x7pxeiPY,Ian Fitchuk
663,4wuX0BAMjDA6C4x7pxeiPY, Konrad Snyder
664,31qcHxJ1s74KTo9axxN9Qg,Ian Fitchuk
664,31qcHxJ1s74KTo9axxN9Qg, Konrad Snyder
665,7tLkMyUFQnUuROnRmwKAKv,Ian Fitchuk
665,7tLkMyUFQnUuROnRmwKAKv, Konrad Snyder
666,2ukwrSPKtTNVVgrng3mNGq,Ian Fitchuk
666,2ukwrSPKtTNVVgrng3mNGq, Konrad Snyder
667,5G4jPloOOYvVNE991GJbad,Ian Fitchuk
667,5G4jPloOOYvVNE991GJbad, Konrad Snyder
668,2j3CrcRmcDEnUx423AXilQ,Ian Fitchuk
668,2j3CrcRmcDEnUx423AXilQ, Konrad Snyder
669,3xwxTVKYX7f601FqqxVeXM,Ian Fitchuk
669,3xwxTVKYX7f601FqqxVeXM, Konrad Snyder
670,1ZUmNMjiYpjb2V7Shxy845,Ian Fitchuk
670,1ZUmNMjiYpjb2V7Shxy845, Konrad Snyder
671,6NGMzrLZDmDlsMtUO4RBTB,Ian Fitchuk
671,6NGMzrLZDmDlsMtUO4RBTB, Konrad Snyder
672,4WAlT1omhz6ozUQsyDIjTT,Ian Fitchuk
672,4WAlT1omhz6ozUQsyDIjTT, Konrad Snyder
673,74zRpWiyITBYQRR2c5cGQB,Ian Fitchuk
673,74zRpWiyITBYQRR2c5cGQB, Konrad Snyder
674,6mk9OLQYhJxed0cGoIEL3F,Ian Fitchuk
674,6mk9OLQYhJxed0cGoIEL3F, Konrad Snyder
675,2M2sQoZRPcD5dBTztyGTAL,Ian Fitchuk
675,2M2sQoZRPcD5dBTztyGTAL, Konrad Snyder
676,04cxid64DzT5AmdimqhR7V,Ian Fitchuk
676,04cxid64DzT5AmdimqhR7V, Konrad Snyder
677,38HrvAsX3Vez2YqAJcnksN,Ian Fitchuk
677,38HrvAsX3Vez2YqAJcnksN, Konrad Snyder
678,1yJGvYbUtJZP3SqtIyJ8a1,Ian Fitchuk
678,1yJGvYbUtJZP3SqtIyJ8a1, Konrad Snyder
679,0bjwrf8cOGN7sokgzBl0aK,Ian Fitchuk
679,0bjwrf8cOGN7sokgzBl0aK, Konrad Snyder
680,1bOLmYTedS7KaSgMCENRm6,Ian Fitchuk
680,1bOLmYTedS7KaSgMCENRm6, Konrad Snyder
681,3fQm4fvI3XWhMnEqg18zdY,Ian Fitchuk
681,3fQm4fvI3XWhMnEqg18zdY, Konrad Snyder
682,4cacyP5c3PMlfnyjpg13xW,Nick Seeley
682,4cacyP5c3PMlfnyjpg13xW, Dillon Francis
682,4cacyP5c3PMlfnyjpg13xW, Dwilly
683,7ekn41shHBthDRG1HCmI7X,Nick Seeley
683,7ekn41shHBthDRG1HCmI7X, Dillon Francis
683,7ekn41shHBthDRG1HCmI7X, Dwilly
684,4e9UmnLEwF4iYsjJgPe23r,Nick Seeley
684,4e9UmnLEwF4iYsjJgPe23r, Dillon Francis
684,4e9UmnLEwF4iYsjJgPe23r, Dwilly
685,2YSme9g84rwypJuXDsycBE,Nick Seeley
685,2YSme9g84rwypJuXDsycBE, Dillon Francis
685,2YSme9g84rwypJuXDsycBE, Dwilly
686,6mtbNI6zEMO8vf7GIJKlMI,Nick Seeley
686,6mtbNI6zEMO8vf7GIJKlMI, Dillon Francis
686,6mtbNI6zEMO8vf7GIJKlMI, Dwilly
687,7t1UmRa92OCE75oFmjpPIS,Nick Seeley
687,7t1UmRa92OCE75oFmjpPIS, Dillon Francis
687,7t1UmRa92OCE75oFmjpPIS, Dwilly
688,4EAriGSRrkiTs4xUNNS8OM,Nick Seeley
688,4EAriGSRrkiTs4xUNNS8OM, Dillon Francis
688,4EAriGSRrkiTs4xUNNS8OM, Dwilly
689,26AsTQC4bnML0RzsPEu6BG,Nick Seeley
689,26AsTQC4bnML0RzsPEu6BG, Dillon Francis
689,26AsTQC4bnML0RzsPEu6BG, Dwilly
690,0BCRQSNqCDIU7RbCpJMqqn,Nick Seeley
690,0BCRQSNqCDIU7RbCpJMqqn, Dillon Francis
690,0BCRQSNqCDIU7RbCpJMqqn, Dwilly
691,6ksjDCV5tkPxRaLbmJTx4C,Nick Seeley
691,6ksjDCV5tkPxRaLbmJTx4C, Dillon Francis
691,6ksjDCV5tkPxRaLbmJTx4C, Dwilly
692,5H3RNCJonEaDFjJgfH8McR,Nick Seeley
692,5H3RNCJonEaDFjJgfH8McR, Dillon Francis
692,5H3RNCJonEaDFjJgfH8McR, Dwilly
693,74eOYzCjihvdGG8NSOiMCS,Nick Seeley
693,74eOYzCjihvdGG8NSOiMCS, Dillon Francis
693,74eOYzCjihvdGG8NSOiMCS, Dwilly
694,76kSp5NCkJJyzcW1sYmR4y,Nick Seeley
694,76kSp5NCkJJyzcW1sYmR4y, Dillon Francis
694,76kSp5NCkJJyzcW1sYmR4y, Dwilly
695,0zU8h887Gx2wmpa9oM3RLt,Nick Seeley
695,0zU8h887Gx2wmpa9oM3RLt, Dillon Francis
695,0zU8h887Gx2wmpa9oM3RLt, Dwilly
696,0SWTjBk4xxYiFKd2ti64dm,Nick Seeley
696,0SWTjBk4xxYiFKd2ti64dm, Dillon Francis
696,0SWTjBk4xxYiFKd2ti64dm, Dwilly
697,7EWkpGtgvIl6rrJy7ZDUop,Nick Seeley
697,7EWkpGtgvIl6rrJy7ZDUop, Dillon Francis
697,7EWkpGtgvIl6rrJy7ZDUop, Dwilly
698,7lVYKLTM6WaYl0PGDGoMpE,Nick Seeley
698,7lVYKLTM6WaYl0PGDGoMpE, Dillon Francis
698,7lVYKLTM6WaYl0PGDGoMpE, Dwilly
699,3DSl0Q7P91nH1w5KHwyhvY,Nick Seeley
699,3DSl0Q7P91nH1w5KHwyhvY, Dillon Francis
699,3DSl0Q7P91nH1w5KHwyhvY, Dwilly
700,0HRw6MOlE77Zx8NqFiPiUa,Nick Seeley
700,0HRw6MOlE77Zx8NqFiPiUa, Dillon Francis
700,0HRw6MOlE77Zx8NqFiPiUa, Dwilly
701,3kGFAnjfzeWL79c7N7vI5B,Nick Seeley
701,3kGFAnjfzeWL79c7N7vI5B, Dillon Francis
701,3kGFAnjfzeWL79c7N7vI5B, Dwilly
702,3bpHsj9B7N55oiUJ5bOf4D,Nick Seeley
702,3bpHsj9B7N55oiUJ5bOf4D, Dillon Francis
702,3bpHsj9B7N55oiUJ5bOf4D, Dwilly
703,2c2FyY9eOmcbjcNTo6PEqK,Nick Seeley
703,2c2FyY9eOmcbjcNTo6PEqK, Dillon Francis
703,2c2FyY9eOmcbjcNTo6PEqK, Dwilly
704,1jThQxEwNqTa4WXTvZO1M5,Nick Seeley
704,1jThQxEwNqTa4WXTvZO1M5, Dillon Francis
704,1jThQxEwNqTa4WXTvZO1M5, Dwilly
838,5YbPxJwPfrj7uswNwoF1pJ,Off & Out
838,5YbPxJwPfrj7uswNwoF1pJ, Chopstix
838,5YbPxJwPfrj7uswNwoF1pJ, MdS
838,5YbPxJwPfrj7uswNwoF1pJ, Ruuben
839,2PDgArI0p7UkeYgXWuqpmh,Off & Out
839,2PDgArI0p7UkeYgXWuqpmh, Chopstix
839,2PDgArI0p7UkeYgXWuqpmh, MdS
839,2PDgArI0p7UkeYgXWuqpmh, Ruuben
840,300HJHC8ZR1r8quEn5OqwZ,Off & Out
840,300HJHC8ZR1r8quEn5OqwZ, Chopstix
840,300HJHC8ZR1r8quEn5OqwZ, MdS
840,300HJHC8ZR1r8quEn5OqwZ, Ruuben
841,1SaqHX3JGpcnngTKFnXcP3,Off & Out
841,1SaqHX3JGpcnngTKFnXcP3, Chopstix
841,1SaqHX3JGpcnngTKFnXcP3, MdS
841,1SaqHX3JGpcnngTKFnXcP3, Ruuben
842,3xJy8it9KHotKi8yMf4zTV,Off & Out
842,3xJy8it9KHotKi8yMf4zTV, Chopstix
842,3xJy8it9KHotKi8yMf4zTV, MdS
842,3xJy8it9KHotKi8yMf4zTV, Ruuben
843,0exCjaIR7tx2ZII0PLsOGW,Off & Out
843,0exCjaIR7tx2ZII0PLsOGW, Chopstix
843,0exCjaIR7tx2ZII0PLsOGW, MdS
843,0exCjaIR7tx2ZII0PLsOGW, Ruuben
844,1V6Qy4GEbcXtdrIhq8GBZv,Off & Out
844,1V6Qy4GEbcXtdrIhq8GBZv, Chopstix
844,1V6Qy4GEbcXtdrIhq8GBZv, MdS
844,1V6Qy4GEbcXtdrIhq8GBZv, Ruuben
845,1NdGOt0hJikfIy2OUkXdi2,Off & Out
845,1NdGOt0hJikfIy2OUkXdi2, Chopstix
845,1NdGOt0hJikfIy2OUkXdi2, MdS
845,1NdGOt0hJikfIy2OUkXdi2, Ruuben
846,03um6hfYLzq0p4c3Lk0Dld,Off & Out
846,03um6hfYLzq0p4c3Lk0Dld, Chopstix
846,03um6hfYLzq0p4c3Lk0Dld, MdS
846,03um6hfYLzq0p4c3Lk0Dld, Ruuben
847,0eKNNEzCvGpisMjZXjeBgY,Off & Out
847,0eKNNEzCvGpisMjZXjeBgY, Chopstix
847,0eKNNEzCvGpisMjZXjeBgY, MdS
847,0eKNNEzCvGpisMjZXjeBgY, Ruuben
848,3RU4IbiteV8v6Haa7sDrOV,Off & Out
848,3RU4IbiteV8v6Haa7sDrOV, Chopstix
848,3RU4IbiteV8v6Haa7sDrOV, MdS
848,3RU4IbiteV8v6Haa7sDrOV, Ruuben
849,2IUkw09LrFwfXNRwnecgmG,Off & Out
849,2IUkw09LrFwfXNRwnecgmG, Chopstix
849,2IUkw09LrFwfXNRwnecgmG, MdS
849,2IUkw09LrFwfXNRwnecgmG, Ruuben
850,2ECokGI5VuABjcNb90be3p,Off & Out
850,2ECokGI5VuABjcNb90be3p, Chopstix
850,2ECokGI5VuABjcNb90be3p, MdS
850,2ECokGI5VuABjcNb90be3p, Ruuben
851,4dv8zrsQWDEb5qBXiP4ECJ,Off & Out
851,4dv8zrsQWDEb5qBXiP4ECJ, Chopstix
851,4dv8zrsQWDEb5qBXiP4ECJ, MdS
851,4dv8zrsQWDEb5qBXiP4ECJ, Ruuben
852,7HSM7sfoyw4xKdGcNhXuBy,Off & Out
852,7HSM7sfoyw4xKdGcNhXuBy, Chopstix
852,7HSM7sfoyw4xKdGcNhXuBy, MdS
852,7HSM7sfoyw4xKdGcNhXuBy, Ruuben
853,6CufiqOcVejTejlXDqDb4j,Off & Out
853,6CufiqOcVejTejlXDqDb4j, Chopstix
853,6CufiqOcVejTejlXDqDb4j, MdS
853,6CufiqOcVejTejlXDqDb4j, Ruuben
854,41cDKFuTigPfBWyLYQKMsO,Off & Out
854,41cDKFuTigPfBWyLYQKMsO, Chopstix
854,41cDKFuTigPfBWyLYQKMsO, MdS
854,41cDKFuTigPfBWyLYQKMsO, Ruuben
855,2cFjQQ33h8NiQAKqpJGhgd,Off & Out
855,2cFjQQ33h8NiQAKqpJGhgd, Chopstix
855,2cFjQQ33h8NiQAKqpJGhgd, MdS
855,2cFjQQ33h8NiQAKqpJGhgd, Ruuben
856,40pz6QQ5xwbaCZX5gK8GcQ,Off & Out
856,40pz6QQ5xwbaCZX5gK8GcQ, Chopstix
856,40pz6QQ5xwbaCZX5gK8GcQ, MdS
856,40pz6QQ5xwbaCZX5gK8GcQ, Ruuben
857,10k9teyEyRep55WEzxz5oc,Off & Out
857,10k9teyEyRep55WEzxz5oc, Chopstix
857,10k9teyEyRep55WEzxz5oc, MdS
857,10k9teyEyRep55WEzxz5oc, Ruuben
858,13lcPEauPnz6ynDJIfHZAR,Off & Out
858,13lcPEauPnz6ynDJIfHZAR, Chopstix
858,13lcPEauPnz6ynDJIfHZAR, MdS
858,13lcPEauPnz6ynDJIfHZAR, Ruuben
859,1hWBQyHgHVy8w0RTwIFI3q,Off & Out
859,1hWBQyHgHVy8w0RTwIFI3q, Chopstix
859,1hWBQyHgHVy8w0RTwIFI3q, MdS
859,1hWBQyHgHVy8w0RTwIFI3q, Ruuben
860,3PthoEodOJB22qXVQYXjqH,Off & Out
860,3PthoEodOJB22qXVQYXjqH, Chopstix
860,3PthoEodOJB22qXVQYXjqH, MdS
860,3PthoEodOJB22qXVQYXjqH, Ruuben
861,0ulOkeffvXAADiep778P4U,Off & Out
861,0ulOkeffvXAADiep778P4U, Chopstix
861,0ulOkeffvXAADiep778P4U, MdS
861,0ulOkeffvXAADiep778P4U, Ruuben
862,0t1CW2tjQq45DEdo7thJo1,Off & Out
862,0t1CW2tjQq45DEdo7thJo1, Chopstix
862,0t1CW2tjQq45DEdo7thJo1, MdS
862,0t1CW2tjQq45DEdo7thJo1, Ruuben
863,7lvUf1BLEZuuwhbc9xeR12,Off & Out
863,7lvUf1BLEZuuwhbc9xeR12, Chopstix
863,7lvUf1BLEZuuwhbc9xeR12, MdS
863,7lvUf1BLEZuuwhbc9xeR12, Ruuben
864,0hWBiQZZ7btfzKoMDUUHCH,Off & Out
864,0hWBiQZZ7btfzKoMDUUHCH, Chopstix
864,0hWBiQZZ7btfzKoMDUUHCH, MdS
864,0hWBiQZZ7btfzKoMDUUHCH, Ruuben
865,27C9LOKwqrjYNHwZ5pu8zH,Off & Out
865,27C9LOKwqrjYNHwZ5pu8zH, Chopstix
865,27C9LOKwqrjYNHwZ5pu8zH, MdS
865,27C9LOKwqrjYNHwZ5pu8zH, Ruuben
866,0ozGUAz5IE3DAWoe7C1kG2,Off & Out
866,0ozGUAz5IE3DAWoe7C1kG2, Chopstix
866,0ozGUAz5IE3DAWoe7C1kG2, MdS
866,0ozGUAz5IE3DAWoe7C1kG2, Ruuben
867,43CLNfvNyalChk97jKDiAD,Off & Out
867,43CLNfvNyalChk97jKDiAD, Chopstix
867,43CLNfvNyalChk97jKDiAD, MdS
867,43CLNfvNyalChk97jKDiAD, Ruuben
868,24BaHHaI5amrkp7uax6dxP,Off & Out
868,24BaHHaI5amrkp7uax6dxP, Chopstix
868,24BaHHaI5amrkp7uax6dxP, MdS
868,24BaHHaI5amrkp7uax6dxP, Ruuben
869,69VCaXSPAzm3pch3kPeMMg,Off & Out
869,69VCaXSPAzm3pch3kPeMMg, Chopstix
869,69VCaXSPAzm3pch3kPeMMg, MdS
869,69VCaXSPAzm3pch3kPeMMg, Ruuben
870,0SUly31efvQURZaWMv0lKF,Off & Out
870,0SUly31efvQURZaWMv0lKF, Chopstix
870,0SUly31efvQURZaWMv0lKF, MdS
870,0SUly31efvQURZaWMv0lKF, Ruuben
871,2ZUrOZIRREPjo3YOMKoCGG,Off & Out
871,2ZUrOZIRREPjo3YOMKoCGG, Chopstix
871,2ZUrOZIRREPjo3YOMKoCGG, MdS
871,2ZUrOZIRREPjo3YOMKoCGG, Ruuben
872,4FKo0Ce55e3OBQPlGbsh2R,Off & Out
872,4FKo0Ce55e3OBQPlGbsh2R, Chopstix
872,4FKo0Ce55e3OBQPlGbsh2R, MdS
872,4FKo0Ce55e3OBQPlGbsh2R, Ruuben
874,6Y2SkxPmKCH05qzkweRNX0,Off & Out
874,6Y2SkxPmKCH05qzkweRNX0, Chopstix
874,6Y2SkxPmKCH05qzkweRNX0, MdS
874,6Y2SkxPmKCH05qzkweRNX0, Ruuben
875,4TkB3hsX077u7qEG8PHb0T,Off & Out
875,4TkB3hsX077u7qEG8PHb0T, Chopstix
875,4TkB3hsX077u7qEG8PHb0T, MdS
875,4TkB3hsX077u7qEG8PHb0T, Ruuben
876,6hJDVowI5TqwGZpNKOsL9z,Off & Out
876,6hJDVowI5TqwGZpNKOsL9z, Chopstix
876,6hJDVowI5TqwGZpNKOsL9z, MdS
876,6hJDVowI5TqwGZpNKOsL9z, Ruuben
877,3IqOhCvkAwRQC5fhUAV2K7,Off & Out
877,3IqOhCvkAwRQC5fhUAV2K7, Chopstix
877,3IqOhCvkAwRQC5fhUAV2K7, MdS
877,3IqOhCvkAwRQC5fhUAV2K7, Ruuben
878,67SiENVpgIE9UBYpCuQ3t9,Off & Out
878,67SiENVpgIE9UBYpCuQ3t9, Chopstix
878,67SiENVpgIE9UBYpCuQ3t9, MdS
878,67SiENVpgIE9UBYpCuQ3t9, Ruuben
879,2OOgMPPFdmVfmKGY5fyMyD,Off & Out
879,2OOgMPPFdmVfmKGY5fyMyD, Chopstix
879,2OOgMPPFdmVfmKGY5fyMyD, MdS
879,2OOgMPPFdmVfmKGY5fyMyD, Ruuben
880,0WpQHRV2LCPKBSlEEpiKg0,Off & Out
880,0WpQHRV2LCPKBSlEEpiKg0, Chopstix
880,0WpQHRV2LCPKBSlEEpiKg0, MdS
880,0WpQHRV2LCPKBSlEEpiKg0, Ruuben
881,7LzBlJzzw70D8g1sHyaSjg,Off & Out
881,7LzBlJzzw70D8g1sHyaSjg, Chopstix
881,7LzBlJzzw70D8g1sHyaSjg, MdS
881,7LzBlJzzw70D8g1sHyaSjg, Ruuben
882,3ULs0w6fMsVpZqrqrVWSCW,Off & Out
882,3ULs0w6fMsVpZqrqrVWSCW, Chopstix
882,3ULs0w6fMsVpZqrqrVWSCW, MdS
882,3ULs0w6fMsVpZqrqrVWSCW, Ruuben
883,5lZ1byn5KuakE5FvBUGsRX,Off & Out
883,5lZ1byn5KuakE5FvBUGsRX, Chopstix
883,5lZ1byn5KuakE5FvBUGsRX, MdS
883,5lZ1byn5KuakE5FvBUGsRX, Ruuben
884,60DmpUHLretc1eFHMkGfOY,Off & Out
884,60DmpUHLretc1eFHMkGfOY, Chopstix
884,60DmpUHLretc1eFHMkGfOY, MdS
884,60DmpUHLretc1eFHMkGfOY, Ruuben
885,3CZsBluyG5LqjZ2VExKks7,Off & Out
885,3CZsBluyG5LqjZ2VExKks7, Chopstix
885,3CZsBluyG5LqjZ2VExKks7, MdS
885,3CZsBluyG5LqjZ2VExKks7, Ruuben
886,08OUnpFcgRx4g8RhRKA1gQ,Off & Out
886,08OUnpFcgRx4g8RhRKA1gQ, Chopstix
886,08OUnpFcgRx4g8RhRKA1gQ, MdS
886,08OUnpFcgRx4g8RhRKA1gQ, Ruuben
887,3HHM1XV8oosz0Qd8aqGcc9,Off & Out
887,3HHM1XV8oosz0Qd8aqGcc9, Chopstix
887,3HHM1XV8oosz0Qd8aqGcc9, MdS
887,3HHM1XV8oosz0Qd8aqGcc9, Ruuben
892,2mzM4Y0Rnx2BDZqRnhQ5Q6,Tems
892,2mzM4Y0Rnx2BDZqRnhQ5Q6, Omeiza
893,1vrFJDrysqmsNAgyjBzx4f,Hitkidd
895,1fVmUOZwCYTej2LFjKKxaH,Hitkidd
902,2rmwqU7yzTvzkiaRV53DpT,Martin
902,2rmwqU7yzTvzkiaRV53DpT, Salmanzadeh
903,13Irp51zj01BZu2XtDrnAg,Martin
903,13Irp51zj01BZu2XtDrnAg, Salmanzadeh
904,0jjJ7Wj2A7Q6DQCOO9wQNm,Martin
904,0jjJ7Wj2A7Q6DQCOO9wQNm, Salmanzadeh
905,3yBOgD5rhyyQcnjhsk7qme,Martin
905,3yBOgD5rhyyQcnjhsk7qme, Salmanzadeh
906,3XRr9hLhnIiGkCmnHhHRpz,Martin
906,3XRr9hLhnIiGkCmnHhHRpz, Salmanzadeh
907,5o7fKk0mtSN3nLLdMY7FJY,Martin
907,5o7fKk0mtSN3nLLdMY7FJY, Salmanzadeh
908,1Sv2Z6VjwgrJccksfO7ZeM,Martin
908,1Sv2Z6VjwgrJccksfO7ZeM, Salmanzadeh
909,6h3bTS4UQaMu6H8Rrs3PF0,Martin
909,6h3bTS4UQaMu6H8Rrs3PF0, Salmanzadeh
910,6d9PUQV8z4XFFot8HVlrBY,Martin
910,6d9PUQV8z4XFFot8HVlrBY, Salmanzadeh
911,5l6RrWvplOEBC7hdIkl2mi,Martin
911,5l6RrWvplOEBC7hdIkl2mi, Salmanzadeh
912,5zf6L8KghFmqBOSIuc9S41,Martin
912,5zf6L8KghFmqBOSIuc9S41, Salmanzadeh
913,2aLYrP0XD71F6Sm5Tw2jti,Martin
913,2aLYrP0XD71F6Sm5Tw2jti, Salmanzadeh
914,5mgEncHUuTubNuWhy70tZL,Martin
914,5mgEncHUuTubNuWhy70tZL, Salmanzadeh
915,1WxSQMfTGe9gF1SGN4Lani,Martin
915,1WxSQMfTGe9gF1SGN4Lani, Salmanzadeh
916,0Sdf3I1NiG3LH7QedbQm2t,Martin
916,0Sdf3I1NiG3LH7QedbQm2t, Salmanzadeh
918,1aW6CkORZSjPKZi2GATO9A,Martin
918,1aW6CkORZSjPKZi2GATO9A, Salmanzadeh
919,3MRW3RbSWEFtnsjHZbtiCL,Martin
919,3MRW3RbSWEFtnsjHZbtiCL, Salmanzadeh
920,0Mpo3443HUO6987ZAfo1vI,Martin
920,0Mpo3443HUO6987ZAfo1vI, Salmanzadeh
921,6191h7j6S6YqoNi2wQstdE,Martin
921,6191h7j6S6YqoNi2wQstdE, Salmanzadeh
922,1m1O1QXLGNUYdQbGiDtkN8,Martin
922,1m1O1QXLGNUYdQbGiDtkN8, Salmanzadeh
923,3z08txwOV4guFpl1BdZ14b,Martin
923,3z08txwOV4guFpl1BdZ14b, Salmanzadeh
924,6rAFl18dKac4cyR2i3aqBW,Martin
924,6rAFl18dKac4cyR2i3aqBW, Salmanzadeh
925,7vItcO8UUtgUGODpnk9Yui,Martin
925,7vItcO8UUtgUGODpnk9Yui, Salmanzadeh
926,5n9exJzy5o7lS1fIAI1HTN,Martin
926,5n9exJzy5o7lS1fIAI1HTN, Salmanzadeh
927,35dAxGHMKp6aMM3PFelOzG,Martin
927,35dAxGHMKp6aMM3PFelOzG, Salmanzadeh
928,5CG7vMIatMgUdJAZpa3K52,Martin
928,5CG7vMIatMgUdJAZpa3K52, Salmanzadeh
929,27orncLRj7AyyVLyqtQYS6,Martin
929,27orncLRj7AyyVLyqtQYS6, Salmanzadeh
930,1CyFaXJG3ZRyH72shkTWtF,Martin
930,1CyFaXJG3ZRyH72shkTWtF, Salmanzadeh
931,1Xu8ajmAvPs7TBeHs06GnJ,Martin
931,1Xu8ajmAvPs7TBeHs06GnJ, Salmanzadeh
932,3Je1wyeuxMcOept5p9NDus,Martin
932,3Je1wyeuxMcOept5p9NDus, Salmanzadeh
933,6rcN4SpMUG5TfqWzxsyQ7h,Martin
933,6rcN4SpMUG5TfqWzxsyQ7h, Salmanzadeh
934,7jN4M5xircGAXUk7D4yySf,Martin
934,7jN4M5xircGAXUk7D4yySf, Salmanzadeh
935,5u5BQdL1yiTMON00NyJOc6,Martin
935,5u5BQdL1yiTMON00NyJOc6, Salmanzadeh
936,7G14nXWL7rfDe4bRRENIFt,Martin
936,7G14nXWL7rfDe4bRRENIFt, Salmanzadeh
937,69U3hExUZhdQ1kIgQ2GxaK,Martin
937,69U3hExUZhdQ1kIgQ2GxaK, Salmanzadeh
938,7r5PVhKIwFOoPsk3VZrpPU,Martin
938,7r5PVhKIwFOoPsk3VZrpPU, Salmanzadeh
939,2M6ECv6hSdAkdgx2Q8zTYR,Martin
939,2M6ECv6hSdAkdgx2Q8zTYR, Salmanzadeh
940,2xQCseXe6DSQ4B95zKjtL5,Martin
940,2xQCseXe6DSQ4B95zKjtL5, Salmanzadeh
941,0wIEvIpvkd9m2aErvd02Pt,Martin
941,0wIEvIpvkd9m2aErvd02Pt, Salmanzadeh
942,0MdxAJi03FhKW3BvqEmNiN,Martin
942,0MdxAJi03FhKW3BvqEmNiN, Salmanzadeh
943,0Vljhtn45p78F1qsBGi3aI,Martin
943,0Vljhtn45p78F1qsBGi3aI, Salmanzadeh
944,0C7m8k1GXaIX8oj0U0R48b,Martin
944,0C7m8k1GXaIX8oj0U0R48b, Salmanzadeh
945,6Hx4PK2XGEfMf0Dkelolm4,Martin
945,6Hx4PK2XGEfMf0Dkelolm4, Salmanzadeh
946,0RzrDDaZ6HoBZcZWZKli5p,Martin
946,0RzrDDaZ6HoBZcZWZKli5p, Salmanzadeh
947,2kyhZYZzHuJj7iWfZHikdl,Martin
947,2kyhZYZzHuJj7iWfZHikdl, Salmanzadeh
948,5PjajdcUkf6lgQIBWDyQ7m,Martin
948,5PjajdcUkf6lgQIBWDyQ7m, Salmanzadeh
1119,3SeeaIXnrCfT88vHVCRWHl,Jon Pardi
1119,3SeeaIXnrCfT88vHVCRWHl, Bart Butler
1119,3SeeaIXnrCfT88vHVCRWHl, Ryan Gore
1120,0k11c8vwyeNSGQex6UMa1v,Jon Pardi
1120,0k11c8vwyeNSGQex6UMa1v, Bart Butler
1120,0k11c8vwyeNSGQex6UMa1v, Ryan Gore
1121,1ts9qt89lOJ7Y3QVmEHnXe,Jon Pardi
1121,1ts9qt89lOJ7Y3QVmEHnXe, Bart Butler
1121,1ts9qt89lOJ7Y3QVmEHnXe, Ryan Gore
1122,3jTVs5E8OxbH2ZOQTfa4tH,Jon Pardi
1122,3jTVs5E8OxbH2ZOQTfa4tH, Bart Butler
1122,3jTVs5E8OxbH2ZOQTfa4tH, Ryan Gore
1123,66GEmD4Sb7xsp5nMnpWkkw,Jon Pardi
1123,66GEmD4Sb7xsp5nMnpWkkw, Bart Butler
1123,66GEmD4Sb7xsp5nMnpWkkw, Ryan Gore
1124,1tRxwf8Q0AcshfHuaD86Yt,Jeff Stevens
1124,1tRxwf8Q0AcshfHuaD86Yt, Jody Stevens
1125,6AHJTA1BN7ePfChCwqph3z,Jeff Stevens
1125,6AHJTA1BN7ePfChCwqph3z, Jody Stevens
1126,1F9TAQ8yTc9b9HwlQpeqRT,Jeff Stevens
1126,1F9TAQ8yTc9b9HwlQpeqRT, Jody Stevens
1127,6fGBpQ3aQMK6H7Uapxd3lv,Jeff Stevens
1127,6fGBpQ3aQMK6H7Uapxd3lv, Jody Stevens
1128,5nzP3CcjAcEn3vTeUzyCcJ,Jeff Stevens
1128,5nzP3CcjAcEn3vTeUzyCcJ, Jody Stevens
1129,5FqKjY1olGaAHmz3vz38iz,Jeff Stevens
1129,5FqKjY1olGaAHmz3vz38iz, Jody Stevens
1195,6w2laMOxRE0yUsbq4bVLiZ,Harto
1195,6w2laMOxRE0yUsbq4bVLiZ, Hoops
1195,6w2laMOxRE0yUsbq4bVLiZ, King LeeBoy
1196,6qzBOV7lg2pnYm1tIvjxo3,Harto
1196,6qzBOV7lg2pnYm1tIvjxo3, Hoops
1196,6qzBOV7lg2pnYm1tIvjxo3, King LeeBoy
1197,4oDokbBP4h5fpMbebCrByn,Harto
1197,4oDokbBP4h5fpMbebCrByn, Hoops
1197,4oDokbBP4h5fpMbebCrByn, King LeeBoy
1198,2MLhJgiTVHSd7kNPwWtxvB,Harto
1198,2MLhJgiTVHSd7kNPwWtxvB, Hoops
1198,2MLhJgiTVHSd7kNPwWtxvB, King LeeBoy
1201,2tTmW7RDtMQtBk7m2rYeSw,Bizarrap
1202,2TSfStvlAMLw89u3tali79,Trademark
1202,2TSfStvlAMLw89u3tali79, Wheretfisray
1203,5et60d119Qb7UJjhNiugUy,Trademark
1203,5et60d119Qb7UJjhNiugUy, Wheretfisray
1204,2VWd0mBDOQbguGsAb7FzhK,Trademark
1204,2VWd0mBDOQbguGsAb7FzhK, Wheretfisray
1205,0SvaAPY5b961hcZ519Fpuy,Trademark
1205,0SvaAPY5b961hcZ519Fpuy, Wheretfisray
1240,4Qum1kECNQrpREev5fvAQ4,Mitchell Tenpenny
1240,4Qum1kECNQrpREev5fvAQ4, Jordan Schmidt
1241,0M0YznaIOwAdoo2cT2KwpK,Mitchell Tenpenny
1241,0M0YznaIOwAdoo2cT2KwpK, Jordan Schmidt
1242,7mSdB6BIg36NUTBWTSPsAa,Mitchell Tenpenny
1242,7mSdB6BIg36NUTBWTSPsAa, Jordan Schmidt
1245,5ljfM7D88EgNk7V0XpwuQj,Soundz
1248,38bTzmJLKBRHewJjSRGQZn,Soundz
1255,4RG7P0CXQ4pe0OeCAHjX5L,Danick Dupelle
1256,24n04jHyMQrEf9bErsTd2g,Danick Dupelle
1294,5uSFGgIfHMT3osrAd9n9ym,TMS
1294,5uSFGgIfHMT3osrAd9n9ym, Capaldi
1295,2TiAfABulco62oKyN2KFEV,TMS
1295,2TiAfABulco62oKyN2KFEV, Capaldi
1296,7BXItQeGhsdNRv3LMapccm,TMS
1296,7BXItQeGhsdNRv3LMapccm, Capaldi
1298,3pd0DxShzZWtZ74yuJ7Hkn,TMS
1298,3pd0DxShzZWtZ74yuJ7Hkn, Capaldi
1299,5NTuSoDYUlHN0ELRUT7nnT,TMS
1299,5NTuSoDYUlHN0ELRUT7nnT, Capaldi
1300,1qoO6qwNpmUF01ucnsiSWV,TMS
1300,1qoO6qwNpmUF01ucnsiSWV, Capaldi
1301,6CANp512yRzJRbHKc1pFCK,TMS
1301,6CANp512yRzJRbHKc1pFCK, Capaldi
1303,4uY980rTsq0sdj4RrnXxc8,TMS
1303,4uY980rTsq0sdj4RrnXxc8, Capaldi
1304,5pysaze4hA1MDYMWX2CjMG,TMS
1304,5pysaze4hA1MDYMWX2CjMG, Capaldi
1305,57LvyVFO3DnPEPikPa1bOW,TMS
1305,57LvyVFO3DnPEPikPa1bOW, Capaldi
1306,5OLaVCAM2pqg7X9mAM2W8M,Shane McAnally
1306,5OLaVCAM2pqg7X9mAM2W8M, Josh Osborne
1307,4iVjVAwT1gUeTymjlY7GvV,Shane McAnally
1307,4iVjVAwT1gUeTymjlY7GvV, Josh Osborne
1309,6MP4e9iCPH1N6NiVeEauZm,Shane McAnally
1309,6MP4e9iCPH1N6NiVeEauZm, Josh Osborne
1310,43XDZZ62F8A6Yb3iWL19up,Shane McAnally
1310,43XDZZ62F8A6Yb3iWL19up, Josh Osborne
1311,75FdDjPGjqwGFHNwtlWD4a,Shane McAnally
1311,75FdDjPGjqwGFHNwtlWD4a, Josh Osborne
1312,3x8lYMpxEPNW2Vo4szKCuO,Shane McAnally
1312,3x8lYMpxEPNW2Vo4szKCuO, Josh Osborne
1313,454iB3GFOboh6jjCsmPJSO,Shane McAnally
1313,454iB3GFOboh6jjCsmPJSO, Josh Osborne
1314,084jiLRmNZOJ1gNGxClJdK,Shane McAnally
1314,084jiLRmNZOJ1gNGxClJdK, Josh Osborne
